{
    "training_time": 21.266,
    "results": {
        "Predictions best correlated celltype": {
            "bas": "Bas",
            "bmem": "EOS",
            "bnv": "Bn",
            "cd4mem": "CD4mem",
            "cd4nv": "CD4nv",
            "cd8mem": "Tem",
            "cd8nv": "Tn",
            "eos": "Neu",
            "mono": "Mono",
            "neu": "Mono",
            "nk": "NK",
            "treg": "Treg"
        },
        "Correlation coefficient": {
            "bas": 0.7424872703001169,
            "bmem": 0.47124286949148153,
            "bnv": 0.871443969810672,
            "cd4mem": 0.8569879556549876,
            "cd4nv": 0.7441235790294644,
            "cd8mem": 0.6309649968867483,
            "cd8nv": 0.7640979007906796,
            "eos": 0.6749004850252602,
            "mono": 0.6609318105186021,
            "neu": 0.736003560298303,
            "nk": 0.9059538875553854,
            "treg": 0.7085854736844942
        },
        "Mean squared error": {
            "bas": 0.0021098499364772378,
            "bmem": 0.0007272324384565626,
            "bnv": 0.0010921984838726038,
            "cd4mem": 0.0018020802130826236,
            "cd4nv": 0.0005252908908639769,
            "cd8mem": 0.0008535815019158031,
            "cd8nv": 0.0013203839602518987,
            "eos": 0.0007083425130478051,
            "mono": 0.0009502533113788991,
            "neu": 0.001226847856968055,
            "nk": 0.0025041129537769625,
            "treg": 0.000764076305939253
        }
    }
}