{
    "training_time": 68.637,
    "results": {
        "Predictions best correlated celltype": {
            "bas": "Bas",
            "bmem": "Bmem",
            "bnv": "Bn",
            "cd4mem": "CD4mem",
            "cd4nv": "CD4nv",
            "cd8mem": "Tem",
            "cd8nv": "Tn",
            "eos": "EOS",
            "mono": "Mono",
            "neu": "Neu",
            "nk": "NK",
            "treg": "Treg"
        },
        "Correlation coefficient": {
            "bas": 0.9784099842250115,
            "bmem": 0.9186740709042494,
            "bnv": 0.9694224444786744,
            "cd4mem": 0.8976052143901749,
            "cd4nv": 0.6680259811738782,
            "cd8mem": 0.6295658025141089,
            "cd8nv": 0.8458940221241743,
            "eos": 0.8844145633825922,
            "mono": 0.8822245844210457,
            "neu": 0.92459867657708,
            "nk": 0.9716180918400404,
            "treg": 0.749339548692836
        },
        "Mean squared error": {
            "bas": 0.002201282053550332,
            "bmem": 0.0005193911183276918,
            "bnv": 0.000856448469114767,
            "cd4mem": 0.0016423202686110206,
            "cd4nv": 0.0007032754522213686,
            "cd8mem": 0.0007748337523232285,
            "cd8nv": 0.0011232471008380972,
            "eos": 0.0005757454665664107,
            "mono": 0.00033678090432119417,
            "neu": 0.0009506276132502423,
            "nk": 0.001673733366185411,
            "treg": 0.0006600636973235524
        }
    }
}