{
    "training_time": 5.242,
    "results": {
        "Predictions best correlated celltype": {
            "bas": "Treg",
            "bmem": "CD4nv",
            "bnv": "Tem",
            "cd4mem": "Treg",
            "cd4nv": "Mono",
            "cd8mem": "Mono",
            "cd8nv": "Bmem",
            "eos": "Bas",
            "mono": "Neu",
            "neu": "EOS",
            "nk": "CD4mem",
            "treg": "Treg"
        },
        "Correlation coefficient": {
            "bas": 0.5280621173558456,
            "bmem": 0.5130729943912468,
            "bnv": 0.7799385639099412,
            "cd4mem": 0.7123326077212231,
            "cd4nv": 0.39923386263326455,
            "cd8mem": 0.4988801132564815,
            "cd8nv": 0.6983234113218432,
            "eos": 0.8145635891498426,
            "mono": 0.6555647976568822,
            "neu": 0.8893132773658662,
            "nk": 0.6820642672771092,
            "treg": 0.6401583289778798
        },
        "Mean squared error": {
            "bas": 0.00892568938784334,
            "bmem": 0.001642554992388229,
            "bnv": 0.002286927440668308,
            "cd4mem": 0.0056719945627055,
            "cd4nv": 0.0007815855425045321,
            "cd8mem": 0.001124594966570214,
            "cd8nv": 0.0014943523439947337,
            "eos": 0.000827668709871016,
            "mono": 0.001070255031710852,
            "neu": 0.0026601116454590874,
            "nk": 0.0030791511400248307,
            "treg": 0.006333756781707553
        }
    }
}